departmentID,departmentName,supervisorID,description
1,Exploration,E7097519,"The Exploration Department plans and executes missions to explore the universe. They identify target destinations, develop new technologies, and coordinate with other departments to ensure successful exploration."
2,Navigation,E0593543,"The Navigation Department oversees the ship's route planning, ensuring it follows the best course to reach destinations identified by the Exploration Department. They maintain the ship's navigation systems and map out new routes when necessary."
3,Science,E0671750,"The Science Department conducts research on the planets, stars, and other celestial bodies encountered during exploration missions. They analyze samples and data and work with other departments to ensure that all findings are properly documented."
4,Communications,E4288504,"The Communications Department establishes and maintains communication between F-SEA and other space-faring organizations. They monitor the ship's internal communication systems and manage F-SEA's public relations and media outreach."
5,Engineering,E9510718,"The Engineering Department designs and builds new technologies and systems to enable exploration. They maintain the ship's functionality, improve the ship's overall efficiency, conduct repairs, and upgrades as necessary."
6,Security,E3256754,"The Security Department ensures the safety and security of the ship and its crew. They manage all security protocols and develop strategies to ensure the crew's safety when exploring potentially dangerous environments."
7,"Human Resources",E4045672,"The Human Resources Department manages F-SEA's personnel, including hiring, training, and retaining staff. They provide support for crew members' needs, such as healthcare and mental health."
8,"Supply and Logistics",E4300435,"The Supply and Logistics Department manages F-SEA's resources, including food, water, fuel, and equipment. They ensure that the ship is stocked with everything necessary for successful exploration missions and coordinate with other departments to allocate resources properly."
9,Legal,E6235403,"The Legal Department manages F-SEA's legal affairs. They navigate interstellar laws and regulations and ensure that the organization operates within ethical and legal boundaries. They draft contracts and agreements with external partners and organizations."
10,Medical,E3042933,"This department is responsible for the health and wellbeing of the crew, including providing medical care, monitoring crew health, and developing programs to promote overall health and wellness."
11,Executive,E3043324,"The Executive Department oversees the overall strategic direction of the organization, manages budgets and resources, and communicates with external stakeholders, such as investors and regulatory bodies. This department plays a critical role in ensuring that the organization is functioning efficiently and achieving its goals."
12,Education,E1693459,"The Education Department is responsible for providing educational opportunities for crew members, including developing curricula, providing access to educational resources, and overseeing the ship's library and archives."
13,"Cultural Affairs",E9364491,"The Cultural Affairs Department is responsible for promoting and preserving cultural heritage and diversity on the ship. This includes organizing events and celebrations that highlight different cultures, providing resources for language and cultural learning, and ensuring that cultural artifacts and traditions are properly preserved. "
14,Entertainment,E0237714,"The Entertainment Department is responsible for providing recreational and entertainment opportunities for crew members, including organizing social events, managing the ship's recreational facilities, and providing access to movies, music, and other forms of entertainment."
15,"Special Operations",E2650851,"The Special Operations Department is responsible for executing critical missions that require specialized skills and training, such as rescue operations, high-risk extractions, and covert operations. This department works closely with other departments to plan and execute missions safely and effectively, while minimizing risk to personnel and equipment."
16,"Alien Relations",E0908060,"Alien Relations is responsible for establishing and maintaining positive relationships with extraterrestrial life forms. The department works to foster communication and understanding between the crew and any alien species encountered during the ship's travels."
